2571,Eagle B of Bedford,Eagle B of Bedford
532,Clophill AC,Clophill AC
531,Dunstable B,Dunstable B
530,Hawks AC,Hawks AC
529,Kestrels AC,Kestrels AC
1450,Kestrels Junior AC,Kestrels Junior AC
1812,One Nation AC,One Nation AC
1253,Ouse Valley A,Ouse Valley A
363,Pepperstock A,Pepperstock A
436,St Neots B,St Neots B
2687,Archways TDH,Archways TDH
2430,B A C G AC,B A C G AC
526,B of Burleigh,B of Burleigh
515,B of Warfield,B of Warfield
525,Buscot Park A,Buscot Park A
524,Crowthorne A,Crowthorne A
2356,Dark Side A,Dark Side A
527,Harlequin B,Harlequin B
510,Maidenhead A,Maidenhead A
521,Reading A,Reading A
1627,Sports Able,Sports Able
1916,Uni of Reading Knights A,Uni of Reading Knights A
511,West Windsor A,West Windsor A
513,Windsor Forest B,Windsor Forest B
2312,Wordsworth Court AC,Wordsworth Court AC
2313,British Wheelchair AC,British Wheelchair AC
494,Centaur A,Centaur A
499,Little Abbey B,Little Abbey B
498,Newport Pagnell A,Newport Pagnell A
1328,Shenley & Loughton Junior Toxophilite,Shenley & Loughton Junior Toxophilite
1200,Shenley & Loughton Toxophilite,Shenley & Loughton Toxophilite
1845,Silver Arrow A,Silver Arrow A
1836,Slough & Burnham A,Slough & Burnham A
1582,South Bucks A,South Bucks A
2425,Thirteen Arrows AC,Thirteen Arrows AC
495,Westcott A,Westcott A
497,Whiteleaf B,Whiteleaf B
2674,Anglia Ruskin University AC,Anglia Ruskin University AC
2679,Fenland Villages AC,Fenland Villages AC
2625,Invictus B,Invictus B
2627,Peacock A,Peacock A
1599,Cambridge University Alumni,Cambridge University Alumni
443,Cambridge University B,Cambridge University B
441,City of Cambridge B,City of Cambridge B
1666,Ely A,Ely A
1777,Fenland AC,Fenland AC
1250,Hinchingbrooke AC,Hinchingbrooke AC
438,Jolly A of H&W,Jolly A of H&W
1500,Netherhall A,Netherhall A
1412,Pathfinder B,Pathfinder B
2389,Ramsey Ravens AC,Ramsey Ravens AC
435,Wisbech Freestyle AC,Wisbech Freestyle AC
2410,Wisbech Grammar School AC,Wisbech Grammar School AC
2371,Witchford A,Witchford A
941,Alsager C of A,Alsager C of A
1143,Alsager Junior A,Alsager Junior A
2635,Kyujutsu AC,Kyujutsu AC
940,Bebington A,Bebington A
1624,Blackthorn B,Blackthorn B
938,B of Bruntwood,B of Bruntwood
937,B of Bruntwood Junior,B of Bruntwood Junior
936,B of Lyme,B of Lyme
1573,B of Warrington,B of Warrington
2341,Burton Manor B,Burton Manor B
934,Caldy B,Caldy B
932,Cheshire County B,Cheshire County B
931,City of Chester A,City of Chester A
2340,City of Chester A (Disabled),City of Chester A (Disabled)
1068,City of Chester Junior AC,City of Chester Junior AC
1108,ClubAZ A,ClubAZ A
2189,Goldcrest A,Goldcrest A
2257,Goldcrest Juniors,Goldcrest Juniors
917,Greenbank C of A,Greenbank C of A
1299,Junior Greenbank C of A,Junior Greenbank C of A
2324,MMU Cheshire AC,MMU Cheshire AC
928,Neston C of A,Neston C of A
919,New Century B,New Century B
1142,New Century B Juniors,New Century B Juniors
943,North Cheshire B,North Cheshire B
926,Stalybridge AC,Stalybridge AC
2343,The Longbow Club,The Longbow Club
924,Warrington Sports Club A,Warrington Sports Club A
2434,Whitby FE AC,Whitby FE AC
921,Winnington Park B,Winnington Park B
942,Wirral A,Wirral A
944,Beacon A (Cumbria),Beacon A (Cumbria)
2261,B of Furness,B of Furness
1949,B of Holme,B of Holme
1710,Cockermouth C of A,Cockermouth C of A
1349,Eagle B,Eagle B
951,Kendal B,Kendal B
2136,Keswick A,Keswick A
950,Maryport AC,Maryport AC
2411,Millom A,Millom A
2422,Morecambe Bay A,Morecambe Bay A
948,Sellafield AC,Sellafield AC
2380,The B of Hedleywood,The B of Hedleywood
949,Vickers Sport Club,Vickers Sport Club
2273,Aequus A,Aequus A
1040,Anchor B AC,Anchor B AC
1039,B of Chesterfield,B of Chesterfield
1038,B of the Peak,B of the Peak
1037,Burton Bridge A,Burton Bridge A
1036,Derbyshire AC,Derbyshire AC
1031,Derbyshire Junior AC,Derbyshire Junior AC
1035,Derwent B,Derwent B
1033,Greenwood A,Greenwood A
1025,L.N.E.R. A,L.N.E.R. A
1520,Pastures C of A,Pastures C of A
1478,St Sebastian A,St Sebastian A
1747,Uni of Derby AC,Uni of Derby AC
1827,A of An Garrek,A of An Garrek
1438,A of the West,A of the West
2559,Endeavour AC,Endeavour AC
1439,Barnstaple AC,Barnstaple AC
668,B of the Tors,B of the Tors
637,B of Wadebridge,B of Wadebridge
667,Brixham A Limited,Brixham A Limited
2330,Broadhempston AC,Broadhempston AC
635,Dunheved A,Dunheved A
662,Exeter C of A,Exeter C of A
661,Exmoor A,Exmoor A
660,Exmouth A,Exmouth A
2408,Firecrest A,Firecrest A
2220,Junction A,Junction A
659,Kenwith Company A,Kenwith Company A
1621,Kingsbridge A,Kingsbridge A
645,Lace Town A,Lace Town A
627,Lizard Peninsula B,Lizard Peninsula B
1977,Loco B,Loco B
656,Mounts Bay AC,Mounts Bay AC
630,Newquay B,Newquay B
2386,No Limits Archery (Dis),No Limits Archery (Dis)
629,Okehampton Castle A,Okehampton Castle A
650,Paignton A,Paignton A
1513,Plymouth A,Plymouth A
654,Redruth A,Redruth A
653,St Austell Bay A,St Austell Bay A
658,The Kyrton A,The Kyrton A
648,Torquay C of A Ltd,Torquay C of A Ltd
2263,Totnes A,Totnes A
1380,Uni of Exeter AC,Uni of Exeter AC
1077,Uni of Plymouth,Uni of Plymouth
649,Yelverton B,Yelverton B
2653,Sportland Club,Sportland Club
620,Bournemouth AC,Bournemouth AC
611,Bracken C of A,Bracken C of A
1990,Bride Valley Junior A,Bride Valley Junior A
2132,Calne A,Calne A
1557,Canford Magna B,Canford Magna B
603,Chippenham A,Chippenham A
597,Corsham B,Corsham B
615,Devizes B,Devizes B
2397,Gillingham School AC,Gillingham School AC
590,Hardy Country B,Hardy Country B
616,Kingston A,Kingston A
1946,Mere A,Mere A
1509,Osmington A,Osmington A
613,Osprey A,Osprey A
601,Palladwr B,Palladwr B
1336,Purbeck A,Purbeck A
2229,Sagittarii,Sagittarii
602,South Wilts AC,South Wilts AC
2078,Sunninghill Prep Junior A (School),Sunninghill Prep Junior A (School)
618,Supermarine B,Supermarine B
605,The B of Lytchett,The B of Lytchett
2344,Trowbridge AC,Trowbridge AC
2601,Cramlington A,Cramlington A
2606,Gateshead SO Club,Gateshead SO Club
2621,Middlesbrough College Seniors,Middlesbrough College Seniors
1979,Ashington AC,Ashington AC
901,Aycliffe A,Aycliffe A
1696,Berwick A,Berwick A
2556,North East A Disabled Club,North East A Disabled Club
2211,Border Reiver A,Border Reiver A
2197,Northumbria University AC,Northumbria University AC
1296,Boulby B,Boulby B
909,B of Backworth,B of Backworth
1690,B of Rothbury Forest,B of Rothbury Forest
908,B of Walker,B of Walker
2623,Stockton Junior A,Stockton Junior A
2656,Tees Valley A,Tees Valley A
2592,Wear A Disabled Club,Wear A Disabled Club
2583,Wear A Junior Club,Wear A Junior Club
907,Cleadon A,Cleadon A
1522,Dragon A,Dragon A
1179,Durham City A,Durham City A
896,Durham University AC,Durham University AC
1805,East Durham A,East Durham A
905,Glaxo AC,Glaxo AC
1676,Green Lane A.B. A,Green Lane A.B. A
1516,Green Lane Disabled A,Green Lane Disabled A
2118,Green Lane Junior A,Green Lane Junior A
904,Heugh B,Heugh B
2285,Houghton A,Houghton A
903,Killingworth A,Killingworth A
2262,Killingworth Junior A,Killingworth Junior A
1545,Kirknewton A,Kirknewton A
2476,Middlesbrough College (University),Middlesbrough College (University)
902,Morpeth A,Morpeth A
1069,Newburn AC,Newburn AC
2368,Newcastle University AC,Newcastle University AC
2325,North East A,North East A
2367,North East A Junior Club,North East A Junior Club
2140,Northumberland C of E Academy AC,Northumberland C of E Academy AC
2013,Norton A,Norton A
2249,Norton A Juniors,Norton A Juniors
898,Ponteland A,Ponteland A
894,Priory A,Priory A
2335,Redcar Multi Sports Club - Archery,Redcar Multi Sports Club - Archery
890,Riverside AC,Riverside AC
1764,St Giles A,St Giles A
900,Stockton A,Stockton A
2395,Teesside University A,Teesside University A
893,The Gentleman & Lady A of Darlington,The Gentleman & Lady A of Darlington
1809,Tynedale A,Tynedale A
2124,Uni of Sunderland Archery,Uni of Sunderland Archery
2161,Wear A,Wear A
1469,Whitburn A,Whitburn A
2120,3 Counties A,3 Counties A
1462,3 Counties Inclusive A,3 Counties Inclusive A
1872,3 Counties Junior A,3 Counties Junior A
2608,R S M A,R S M A
2306,Trinity Saint David University AC,Trinity Saint David University AC
53,Carmarthen A,Carmarthen A
1294,Cymric A,Cymric A
54,Pembroke Company A,Pembroke Company A
2482,Reach AC,Reach AC
2005,Red Kite Field A,Red Kite Field A
1482,Saethwyr Pontiets,Saethwyr Pontiets
1126,The Castle A,The Castle A
1202,The Fort A,The Fort A
490,Abbey B (Essex),Abbey B (Essex)
488,Ascham B,Ascham B
1435,Black Stag A,Black Stag A
1561,Blue Arrows AC,Blue Arrows AC
486,B of Ardleigh,B of Ardleigh
485,B of Malgrave,B of Malgrave
483,Braintree B,Braintree B
1822,Broxhill A Juniors,Broxhill A Juniors
448,Burntwood A,Burntwood A
2655,Bures Dragons,Bures Dragons
2671,East Point A,East Point A
2500,West Essex Para B,West Essex Para B
459,Chelmsford Tudor Rose,Chelmsford Tudor Rose
474,Clacton A,Clacton A
1908,Clements B,Clements B
482,Colchester & District AC,Colchester & District AC
462,Deben AC,Deben AC
480,Epping A,Epping A
452,Framlingham B,Framlingham B
1492,Gipping Valley A,Gipping Valley A
478,Grays A,Grays A
477,Harlow B,Harlow B
1428,Havering Disabled Sports Association,Havering Disabled Sports Association
475,Holdens A,Holdens A
458,Mayflower A,Mayflower A
1209,Mayflower Junior A,Mayflower Junior A
1351,New Century B (Essex),New Century B (Essex)
1210,Noak Hill A,Noak Hill A
472,Oakfield A,Oakfield A
2109,Phoenix A Essex,Phoenix A Essex
470,Priory B,Priory B
461,Racketts AC,Racketts AC
1779,Raydon Hall AC,Raydon Hall AC
2405,Rayleigh Town AC (Disabilities Section),Rayleigh Town AC (Disabilities Section)
469,Rayleigh Town AC,Rayleigh Town AC
1417,Rayleigh Town AC Juniors,Rayleigh Town AC Juniors
1667,Rushgreen B,Rushgreen B
1848,Saint Edmunds A,Saint Edmunds A
467,Southend & District AC,Southend & District AC
466,Southend Electricity AC,Southend Electricity AC
305,The Newham A,The Newham A
471,The Pilgrim A,The Pilgrim A
465,Tudor A,Tudor A
1869,Uni of Essex AC,Uni of Essex AC
464,West Essex B,West Essex B
1976,West Essex Junior B,West Essex Junior B
463,Woodford A,Woodford A
1654,Blandy Jenkins A,Blandy Jenkins A
75,B of Gower,B of Gower
73,Cambria B,Cambria B
2449,Caradog A,Caradog A
2490,Cardiff University AC,Cardiff University AC
64,Castle B,Castle B
1422,Celtic A,Celtic A
1725,Celyn A,Celyn A
1917,Caerau Dragon B,Caerau Dragon B
2686,East Lodge A,East Lodge A
2575,Silvercloud A,Silvercloud A
2576,Silvercloud A Able bodied,Silvercloud A Able bodied
1944,Llancaiach Senghenydd Archery,Llancaiach Senghenydd Archery
72,Llandaff City B,Llandaff City B
1846,Llantwit Major A,Llantwit Major A
66,Neath A,Neath A
2223,Ogmore Valley A,Ogmore Valley A
69,Pentref B,Pentref B
1408,Pentref Dragons,Pentref Dragons
2191,Pentref Venerables,Pentref Venerables
1697,Perriswood B,Perriswood B
2144,R J D A,R J D A
2290,R J D Junior A,R J D Junior A
67,Southgate AC,Southgate AC
1373,The Swansea University,The Swansea University
564,Black & Gold A,Black & Gold A
575,B of Minchinhampton,B of Minchinhampton
582,B of the Deans,B of the Deans
573,Bristol B,Bristol B
1613,Bristol B Juniors,Bristol B Juniors
553,Cavalier Field A,Cavalier Field A
568,Cheltenham A,Cheltenham A
558,Churn Valley A,Churn Valley A
570,Cleve A,Cleve A
569,Cleve Juniors,Cleve Juniors
2450,Cleve Para-Shooters,Cleve Para-Shooters
2628,UWE AC (University),UWE AC (University)
1246,Deer Park A Ltd,Deer Park A Ltd
554,Fast & Loose AC,Fast & Loose AC
580,Glevum A,Glevum A
1773,Golden Phoenix A,Golden Phoenix A
1766,Great Rissington A,Great Rissington A
2393,Newnham AC,Newnham AC
2549,The Peak A (School),The Peak A (School)
577,Tockington A,Tockington A
550,Tyndale A,Tyndale A
2373,Uni of Bristol Archery,Uni of Bristol Archery
1986,Caerleon Comprehensive A,Caerleon Comprehensive A
1579,City of Newport A,City of Newport A
1839,A of Underwood,A of Underwood
80,Gwent B,Gwent B
1840,Junior A of Underwood,Junior A of Underwood
79,Llantarnam AC,Llantarnam AC
77,St Kingsmark B,St Kingsmark B
2465,Usk B,Usk B
2365,A C Delco (Disabled),A C Delco (Disabled)
430,A C Delco B,A C Delco B
389,A C Delco Juniors,A C Delco Juniors
428,Alton & Four Marks,Alton & Four Marks
427,Andover A,Andover A
423,A of Jersey,A of Jersey
1060,Baughurst B,Baughurst B
2331,Borgreen Traditional B,Borgreen Traditional B
2413,Bourne 55,Bourne 55
425,B of Guernsey,B of Guernsey
394,B of Petersfield,B of Petersfield
410,Cody B,Cody B
2236,F.A.D.S.A.D.,F.A.D.S.A.D.
421,Forest of Bere B,Forest of Bere B
420,Fort Purbrook Company of B,Fort Purbrook Company of B
419,Gosport B,Gosport B
1511,Hampshire Scout AC,Hampshire Scout AC
384,Havant & Hayling B,Havant & Hayling B
417,I B M [Hursley] AC,I B M [Hursley] AC
431,Jersey Archery Society,Jersey Archery Society
2012,Les A de Sercq,Les A de Sercq
415,Merdon B,Merdon B
414,Old Basing A,Old Basing A
413,Overton Black Arrows,Overton Black Arrows
412,Portsdown AC,Portsdown AC
411,Quivers A. C. [S.A.D],Quivers A. C. [S.A.D]
1501,R.N. South Coast A,R.N. South Coast A
387,Raven Field A,Raven Field A
1248,Romsey A,Romsey A
1625,Southampton AC,Southampton AC
408,Southampton University AC,Southampton University AC
397,Sway B,Sway B
406,Talisman B,Talisman B
2129,Tenzone B,Tenzone B
2289,Uni of Portsmouth AC,Uni of Portsmouth AC
404,Ville B,Ville B
403,Waterside A,Waterside A
388,West Wight AC,West Wight AC
407,Whitehill A,Whitehill A
402,Wight B AC,Wight B AC
401,Winchester AC,Winchester AC
2111,Winchester College AC,Winchester College AC
237,Yateley A,Yateley A
672,Bromyard B,Bromyard B
674,Hereford Company of B,Hereford Company of B
2166,Ledbury AC,Ledbury AC
1528,Lugg Valley C of A,Lugg Valley C of A
366,Abbey B (Herts),Abbey B (Herts)
2112,Aim4Sport,Aim4Sport
377,Berkhamsted B,Berkhamsted B
2301,Celtic Harmony Archery,Celtic Harmony Archery
1595,Chiltern A,Chiltern A
1878,Edge Grove School,Edge Grove School
375,Elswood B,Elswood B
314,Enfield A,Enfield A
1973,Hemel Hempstead A,Hemel Hempstead A
1390,Hinxworth AC,Hinxworth AC
369,Howard B AC,Howard B AC
365,Kestrels S.C. (P/H),Kestrels S.C. (P/H)
373,Rickmansworth AC,Rickmansworth AC
1227,Royston Heath AC,Royston Heath AC
368,Stortford AC,Stortford AC
374,The Green Dragon B,The Green Dragon B
371,The Hertford C of A,The Hertford C of A
790,Isle of Man AC,Isle of Man AC
340,1066 AC,1066 AC
359,Abbey B (Kent),Abbey B (Kent)
358,Allington Castle A,Allington Castle A
357,Ashford A,Ashford A
1061,Beckenham B,Beckenham B
1062,Black Lion AC,Black Lion AC
354,Black Prince B,Black Prince B
348,B of Darenteford,B of Darenteford
325,B of Woodstock,B of Woodstock
1695,C.E.D.A.K.,C.E.D.A.K.
351,Canterbury A,Canterbury A
350,Castle Moat & Folkestone,Castle Moat & Folkestone
2590,Crystal Palace B (Disabled),Crystal Palace B (Disabled)
2639,Ebbsfleet Academy Junior A (School),Ebbsfleet Academy Junior A (School)
2328,West Kent Archery Society AC,West Kent Archery Society AC
349,Crown A,Crown A
312,Crystal Palace B,Crystal Palace B
2255,Crystal Palace Junior B,Crystal Palace Junior B
346,Dover Castle A,Dover Castle A
343,E.M.R.S. AC,E.M.R.S. AC
1668,Evolution A,Evolution A
1669,Evolution Junior A,Evolution Junior A
1448,Ferryfield B,Ferryfield B
342,Fox A,Fox A
341,Gravesend A,Gravesend A
339,Highsted Valley B,Highsted Valley B
2155,Kent Police AC,Kent Police AC
338,Lamorbey Park A,Lamorbey Park A
337,Leaves Green B,Leaves Green B
321,Lullingstone B,Lullingstone B
336,Medway A,Medway A
345,North Downs AC,North Downs AC
1319,Paddock Wood AC,Paddock Wood AC
1939,Queenborough A,Queenborough A
1820,Raven A,Raven A
324,Romney Marsh B,Romney Marsh B
2272,Sevenoaks AC,Sevenoaks AC
2246,Sittingbourne Community College (Disabled Section),Sittingbourne Community College (Disabled Section)
2245,Sittingbourne Community College (Senior Section),Sittingbourne Community College (Senior Section)
1952,Sittingbourne Community College A (School),Sittingbourne Community College A (School)
1775,Sutton B AC,Sutton B AC
333,Swan A,Swan A
1384,T.A.D.S.A.D.,T.A.D.S.A.D.
1084,Ten Ring A,Ten Ring A
330,Thanet AC,Thanet AC
329,Tonbridge AC,Tonbridge AC
2214,Uni of Kent,Uni of Kent
853,Assheton B,Assheton B
2409,Blackburn Archery,Blackburn Archery
886,Blackpool B,Blackpool B
885,Blundellsands A,Blundellsands A
846,Bowbearers of Wyresdale,Bowbearers of Wyresdale
884,B of Overdale,B of Overdale
872,B of Pendle & Samlesbury,B of Pendle & Samlesbury
1502,B of Skelmersdale,B of Skelmersdale
1503,B of Skelmersdale Junior,B of Skelmersdale Junior
1337,Bridgefield A,Bridgefield A
1751,Burscough A,Burscough A
1985,Burscough A Juniors,Burscough A Juniors
862,Chorley B,Chorley B
1348,Archery World B,Archery World B
2661,Darwen AC,Darwen AC
2654,Golden Knight AC,Golden Knight AC
2540,Nelson AC,Nelson AC
2391,Phoenix Deyes High School,Phoenix Deyes High School
2667,UCLan Alumni A,UCLan Alumni A
2624,University Centre Blackburn College A,University Centre Blackburn College A
881,Eccles AC,Eccles AC
1290,High Elm A,High Elm A
877,John O'Gaunt's B,John O'Gaunt's B
858,Lancaster University,Lancaster University
1255,Liverpool University AC,Liverpool University AC
1810,Moorside AC,Moorside AC
874,Mossley Hill AC,Mossley Hill AC
873,Nethermoss A,Nethermoss A
854,North Meols A,North Meols A
1434,Oakleaf B of Read,Oakleaf B of Read
1183,Phoenix B - Southport,Phoenix B - Southport
1398,Preston Grasshoppers B,Preston Grasshoppers B
871,Rochdale C of A,Rochdale C of A
1517,Rochdale Company of Junior A,Rochdale Company of Junior A
1789,Saxon A,Saxon A
864,Southport A,Southport A
870,St Helens A,St Helens A
2499,UCLan A (Uni),UCLan A (Uni)
2364,Uni of Salford AC,Uni of Salford AC
860,Wigan & Orrell A,Wigan & Orrell A
1494,Blaby Tox (Disabled),Blaby Tox (Disabled)
1022,B of Birstall,B of Birstall
1019,B of Glen,B of Glen
1017,B of Rutland,B of Rutland
2358,B of Rutland Disabled,B of Rutland Disabled
1003,B of Rutland Junior AC,B of Rutland Junior AC
2467,DMU Archery (University),DMU Archery (University)
2412,Elm Field AC,Elm Field AC
1015,Hinckley A,Hinckley A
1004,Ivanhoe A,Ivanhoe A
1014,Kirby Muxloe AC,Kirby Muxloe AC
1013,Leicester Ancient Order of Foresters AC,Leicester Ancient Order of Foresters AC
1772,Leicester Archery Academy,Leicester Archery Academy
2204,Leicester Archery Academy Juniors,Leicester Archery Academy Juniors
1009,Leicester D.I.S.C,Leicester D.I.S.C
1010,Loughborough Students AC,Loughborough Students AC
1580,Lutterworth AC,Lutterworth AC
1012,Melton Mowbray AC,Melton Mowbray AC
2350,Paradox A,Paradox A
1995,Phoenix A Leicestershire,Phoenix A Leicestershire
1011,Soar Valley A,Soar Valley A
2406,The Burroughs Hill B,The Burroughs Hill B
1005,The Foxes,The Foxes
2498,Uni of Leicester AC,Uni of Leicester AC
1002,Welland Valley A,Welland Valley A
2641,AFD AC,AFD AC
2569,Amwes AC,Amwes AC
2566,Gainsborough B,Gainsborough B
2658,Reepham AC,Reepham AC
997,Friskney B,Friskney B
1556,Gingerbread A,Gingerbread A
1280,Glanford Co of B,Glanford Co of B
992,Grantham A,Grantham A
996,Grimsby A,Grimsby A
1935,Isle of Thorns A,Isle of Thorns A
2421,Kirton in Lindsey AC,Kirton in Lindsey AC
995,Lincoln A,Lincoln A
1432,Louth & District AC,Louth & District AC
2082,North End A,North End A
1411,O O B A C A,O O B A C A
994,Pilgrim B of Boston,Pilgrim B of Boston
993,Silver Spoon B,Silver Spoon B
1945,Sleaford Maltsters,Sleaford Maltsters
1771,Trackside A,Trackside A
2470,Uni of Lincoln A C,Uni of Lincoln A C
1927,2020 Archery,2020 Archery
313,Bromley AC,Bromley AC
1534,Bromley AC Juniors,Bromley AC Juniors
2663,Archery Fit London,Archery Fit London
2581,London South Bank University AC,London South Bank University AC
1941,Southfields AC,Southfields AC
1440,Imperial College Union AC (Uni),Imperial College Union AC (Uni)
2098,Queen Mary A (University),Queen Mary A (University)
2550,UEL AC (Uni),UEL AC (Uni)
301,Aquarius AC,Aquarius AC
299,B of Harrow,B of Harrow
298,Brent Valley A,Brent Valley A
297,Brunel University A,Brunel University A
296,Cranford AC,Cranford AC
2564,AC of Ealing - Juniors,AC of Ealing - Juniors
287,Greenwood Osterley AC,Greenwood Osterley AC
295,Hampstead B,Hampstead B
2010,Harefield A,Harefield A
1937,Hillingdon Senior AC,Hillingdon Senior AC
1136,Kingsfield A,Kingsfield A
292,Laleham AC,Laleham AC
309,London A,London A
290,Pinner B,Pinner B
2238,Redheath A,Redheath A
288,Ruislip B,Ruislip B
285,Spelthorne AC,Spelthorne AC
1457,Uni of London AC,Uni of London AC
1233,Botolph's B,Botolph's B
1673,City of Norwich A,City of Norwich A
2200,Clickers AC,Clickers AC
276,Cromer A,Cromer A
278,Euston Park B,Euston Park B
279,Fakenham B,Fakenham B
1552,Fakenham Junior B,Fakenham Junior B
2652,Grey Goose A,Grey Goose A
2643,Hainford A,Hainford A
2612,Marshland A,Marshland A
1991,Hingham B,Hingham B
277,King's Lynn B,King's Lynn B
1104,Moulton & District A,Moulton & District A
1355,Norfolk B,Norfolk B
281,Norwich C of A,Norwich C of A
1508,Parkfield A,Parkfield A
2497,UEA Archery (Uni),UEA Archery (Uni)
275,Wherry A,Wherry A
2296,Wymondham A,Wymondham A
2480,Clwydian B Disability Club,Clwydian B Disability Club
87,Colwyn B,Colwyn B
2423,Colwyn Junior B,Colwyn Junior B
97,Corus Deeside AC,Corus Deeside AC
2077,Dreigiau Bodedern (School),Dreigiau Bodedern (School)
1808,Dyffryn Nantlle A,Dyffryn Nantlle A
2614,Broughton Wings,Broughton Wings
2327,Gronant B,Gronant B
90,Gwynedd B,Gwynedd B
2479,Clwydian B AC,Clwydian B AC
2648,Peaks 2 Paddles,Peaks 2 Paddles
2143,Red Dragon A,Red Dragon A
1225,Uni of Wales Bangor AC,Uni of Wales Bangor AC
92,Wrexham B,Wrexham B
989,A of Raunds,A of Raunds
2081,Banbury Cross A,Banbury Cross A
2241,Bicester A,Bicester A
987,Broad Green A,Broad Green A
2209,Corby A,Corby A
988,Duston B,Duston B
2384,Uni of Northampton AC,Uni of Northampton AC
986,Kettering A,Kettering A
1741,Long Buckby AC,Long Buckby AC
437,Nene B,Nene B
984,Northampton AC,Northampton AC
1748,Pemberton Maid Marions,Pemberton Maid Marions
978,Rushden Inclusive AC,Rushden Inclusive AC
979,Targetcraft A,Targetcraft A
983,Wellingborough Open AC,Wellingborough Open AC
982,Wicken AC,Wicken AC
1297,Ballyvally A Banbridge,Ballyvally A Banbridge
46,Banbridge AC,Banbridge AC
45,Bangor & District AC,Bangor & District AC
35,City Of Belfast AC,City Of Belfast AC
2201,East Belfast AC,East Belfast AC
1256,Glencraig Camphill AC,Glencraig Camphill AC
1993,Campbell College AC (School),Campbell College AC (School)
1698,Causeway A,Causeway A
2647,Claudy A,Claudy A
2342,Integrated College Dungannon (School),Integrated College Dungannon (School)
43,Lisburn City AC,Lisburn City AC
41,Muckamore C of A,Muckamore C of A
1548,Northern Flights AC,Northern Flights AC
36,Lough Cuan B,Lough Cuan B
2079,Maiden City AC,Maiden City AC
2267,Queen's University AC,Queen's University AC
1393,Seven Towers AC,Seven Towers AC
38,Northern Ireland Civil Service,Northern Ireland Civil Service
2116,River Oak AC,River Oak AC
2133,Uni of Ulster AC,Uni of Ulster AC
2475,Yew Tree A,Yew Tree A
957,Bassetlaw B,Bassetlaw B
967,Beeston Rylands A,Beeston Rylands A
2123,Belvoir A,Belvoir A
973,Bingham Leisure Centre,Bingham Leisure Centre
966,Bramcote AC,Bramcote AC
2131,Bulwell Foresters AC,Bulwell Foresters AC
1363,Burton Joyce A,Burton Joyce A
972,City & Sherwood,City & Sherwood
1263,Hart of Sherwood,Hart of Sherwood
2137,Harworth A,Harworth A
2295,Keyworth A,Keyworth A
2404,Newark Castle A,Newark Castle A
2114,Nottingham Trent University AC,Nottingham Trent University AC
964,Sherwood A,Sherwood A
1814,Toot Hill Academy (School),Toot Hill Academy (School)
1267,Uni of Nottingham AC,Uni of Nottingham AC
962,Welbeck A,Welbeck A
2307,Wellow House School,Wellow House School
971,Wilford B (Notts),Wilford B (Notts)
1371,Bampton AC,Bampton AC
2634,Cherwell A,Cherwell A
2206,Cokethorpe School AC,Cokethorpe School AC
2595,Wallingford Castle A,Wallingford Castle A
272,Oxford A,Oxford A
268,Oxford University C of A,Oxford University C of A
2435,Oxon (Rifles) ACF,Oxon (Rifles) ACF
271,South Oxon AC,South Oxon AC
270,Windrush B,Windrush B
1193,RAF Benson B,RAF Benson B
1750,RAF Brize Norton A,RAF Brize Norton A
2618,RAF Leeming A,RAF Leeming A
2002,RAF Coningsby A,RAF Coningsby A
102,RAF Lossiemouth AC,RAF Lossiemouth AC
2362,RAF Waddington AC,RAF Waddington AC
57,Radnor Foresters,Radnor Foresters
2,The Royal Toxophilite Society AC,The Royal Toxophilite Society AC
1261,Balbardie A,Balbardie A
2088,Balbardie Disabled A,Balbardie Disabled A
1982,Balbardie Junior A,Balbardie Junior A
205,Bannockburn B,Bannockburn B
182,Crieff AC,Crieff AC
1574,Cupar B,Cupar B
1575,Cupar B Juniors,Cupar B Juniors
189,Disability Sport Fife,Disability Sport Fife
201,Dundee University AC,Dundee University AC
2284,Edinburgh City B,Edinburgh City B
1311,Edinburgh University Alumni AC,Edinburgh University Alumni AC
203,Edinburgh University AC Students,Edinburgh University AC Students
2352,Edinburgh University Archery Programme,Edinburgh University Archery Programme
1923,Falkirk Co. of A Juniors,Falkirk Co. of A Juniors
198,Falkirk C of A,Falkirk C of A
1811,Fellowship of the Bow,Fellowship of the Bow
2403,Forest Spirit A,Forest Spirit A
186,Grange AC,Grange AC
1887,Grange Junior A,Grange Junior A
202,Lasswade AC,Lasswade AC
1224,Lasswade Disabled AC,Lasswade Disabled AC
1048,Lasswade Junior AC,Lasswade Junior AC
2266,Napier Alumni AC,Napier Alumni AC
1694,Napier University AC,Napier University AC
2673,Abertay University AC,Abertay University AC
2640,Borderghost A,Borderghost A
1817,Coldstream & District Junior A,Coldstream & District Junior A
2282,Kingdom of Fife Fletchers,Kingdom of Fife Fletchers
197,Penicuik A,Penicuik A
195,Penicuik Junior AC,Penicuik Junior AC
2670,Scottish War Blinded AC,Scottish War Blinded AC
2668,Tweeddale A,Tweeddale A
200,Pentland A,Pentland A
2115,Perth AC,Perth AC
2477,Queen Anne AC,Queen Anne AC
2478,Queen Anne Junior AC (School),Queen Anne Junior AC (School)
199,St Andrews University AC,St Andrews University AC
1103,Abbey A (Scotland),Abbey A (Scotland)
129,Banchory A,Banchory A
1559,Broch AC,Broch AC
1560,Broch Junior AC,Broch Junior AC
2489,Buchan A,Buchan A
124,Forres A,Forres A
123,Forres Junior A,Forres Junior A
1722,Glenlivet A,Glenlivet A
2317,Highland Archery Scotland,Highland Archery Scotland
109,Isla A,Isla A
1388,Island A,Island A
1920,Lathallan School,Lathallan School
1322,Lethen A,Lethen A
119,Links A,Links A
118,Links Junior A,Links Junior A
122,Lochside B,Lochside B
114,Lochside Junior B,Lochside Junior B
2126,Mearns Academy Junior AC (School),Mearns Academy Junior AC (School)
2376,Mearns A,Mearns A
1843,Milnes High AC,Milnes High AC
1825,Moray Archery,Moray Archery
1699,Moray AC Juniors,Moray AC Juniors
111,Orkney A,Orkney A
2678,Ancrum AC,Ancrum AC
2620,Buchan A Junior,Buchan A Junior
2649,Caithness A,Caithness A
2593,Dunvegan Archery,Dunvegan Archery
121,Shetland AC,Shetland AC
2203,Shetland Junior AC,Shetland Junior AC
1803,Argyll Field A,Argyll Field A
173,Ayr AC,Ayr AC
142,Clyde Arrows,Clyde Arrows
1164,Clyde Junior Arrows,Clyde Junior Arrows
2293,Disability Clyde Arrows,Disability Clyde Arrows
166,Giffnock A,Giffnock A
154,Glasgow A,Glasgow A
169,Inverclyde A,Inverclyde A
1564,Inverclyde Junior A,Inverclyde Junior A
2377,Irvine Toxopholites,Irvine Toxopholites
149,Junior Kilwinning AC,Junior Kilwinning AC
2466,Kintyre Arrows,Kintyre Arrows
1924,Kirkpatrick A,Kirkpatrick A
1558,Kirkpatrick Junior A,Kirkpatrick Junior A
1474,Largs AC,Largs AC
2181,Largs Disabled,Largs Disabled
1565,Largs Junior,Largs Junior
156,Linwood A,Linwood A
150,Loreburn A,Loreburn A
1576,Loreburn Juniors,Loreburn Juniors
159,Monklands AC,Monklands AC
1553,Monklands Disabled AC,Monklands Disabled AC
1453,Monklands Junior AC,Monklands Junior AC
138,Neptune AC,Neptune AC
1374,Oban & Lorn A,Oban & Lorn A
1470,Orion's A,Orion's A
1566,Phoenix A Glasgow,Phoenix A Glasgow
1685,Phoenix Junior A Glasgow,Phoenix Junior A Glasgow
168,East Kilbride AC,East Kilbride AC
2644,Glasgow University AC,Glasgow University AC
2589,North West AC - Kilmarnock,North West AC - Kilmarnock
1754,Oban Shooting & Fishing Club,Oban Shooting & Fishing Club
2684,Team UWS Archery,Team UWS Archery
2646,Troon AC,Troon AC
1569,Stranraer Junior AC,Stranraer Junior AC
1791,Strathclyde University AC,Strathclyde University AC
174,The Ancient Society of Kilwinning A,The Ancient Society of Kilwinning A
1607,Threave B,Threave B
789,A of Teme,A of Teme
780,Bowbrook A,Bowbrook A
779,Bowbrook Junior A,Bowbrook Junior A
2235,B of Caradoc,B of Caradoc
95,Croesoswallt A,Croesoswallt A
778,Hafren Foresters AC,Hafren Foresters AC
786,Long Mynd A,Long Mynd A
1922,Mary Webb School A,Mary Webb School A
2619,British Blind AC,British Blind AC
1868,Cleobury Country A,Cleobury Country A
784,Shrewsbury B,Shrewsbury B
783,Shrewsbury B Junior,Shrewsbury B Junior
782,Telford A,Telford A
788,The Audco A,The Audco A
787,The Audco A Junior,The Audco A Junior
775,Whitchurch B,Whitchurch B
2102,A of Bitton (Dis),A of Bitton (Dis)
2370,Avalon Archery,Avalon Archery
539,Ballands B,Ballands B
547,Bath A,Bath A
1342,Bath University AC,Bath University AC
2100,Bitton A,Bitton A
1484,B of Danesfield,B of Danesfield
1736,B of Danesfield (Disabled),B of Danesfield (Disabled)
1491,B of Danesfield Junior AC,B of Danesfield Junior AC
542,B of Hatch,B of Hatch
545,B of Ina,B of Ina
540,B of Mendip,B of Mendip
544,Burnham C of A,Burnham C of A
538,Coastal A,Coastal A
1807,Frome Town A,Frome Town A
1708,Gordano Valley A,Gordano Valley A
549,Mid Somerset B,Mid Somerset B
535,Puriton Gold,Puriton Gold
537,South Wansdyke AC,South Wansdyke AC
2101,St Bernadette's School AC,St Bernadette's School AC
1554,Wellington B,Wellington B
541,Wells City A,Wells City A
543,West Somerset C of A,West Somerset C of A
548,Yeo B,Yeo B
1187,Chase A,Chase A
1241,Chase Junior A,Chase Junior A
2095,Dove Valley AC,Dove Valley AC
2090,Dove Valley Junior AC,Dove Valley Junior AC
1731,Keele University AC,Keele University AC
751,Leek AC,Leek AC
763,Lichfield A,Lichfield A
2633,Staffs Uni A,Staffs Uni A
2374,Six Towns C of A,Six Towns C of A
2375,Six Towns C of A Juniors,Six Towns C of A Juniors
760,South Moorlands AC,South Moorlands AC
759,Stafford A,Stafford A
749,Trent Valley A,Trent Valley A
748,Trent Valley A Juniors,Trent Valley A Juniors
2543,Victory Walsall A,Victory Walsall A
757,Walsall Company A,Walsall Company A
1981,Wolf A,Wolf A
755,Wolverhampton C of A,Wolverhampton C of A
754,Wolverhampton Junior C of A,Wolverhampton Junior C of A
264,Atkins A,Atkins A
262,C M O B,C M O B
263,Chessington B,Chessington B
260,Farnham A,Farnham A
259,Guildford AC,Guildford AC
232,Lintman AC,Lintman AC
257,Malden B,Malden B
256,Mole Valley B,Mole Valley B
1870,Olde Colesdon A,Olde Colesdon A
253,Reigate Priory B,Reigate Priory B
1339,Rivernook B,Rivernook B
2381,Royal Holloway University AC,Royal Holloway University AC
252,Royal Richmond AC,Royal Richmond AC
248,Surrey B,Surrey B
1186,Team Surrey Archery (University),Team Surrey Archery (University)
255,The Nonsuch B,The Nonsuch B
236,Thomas Wall A,Thomas Wall A
1306,Velmead A,Velmead A
247,Warlingham AC,Warlingham AC
246,Woking AC,Woking AC
1293,Arundown AC,Arundown AC
207,Bayeux B,Bayeux B
217,Blind Veterans UK B,Blind Veterans UK B
213,Bognor Regis AC,Bognor Regis AC
2113,Brighton B,Brighton B
229,Chichester B,Chichester B
227,County Oak AC,County Oak AC
226,Crawley AC,Crawley AC
1787,Crawley Crows,Crawley Crows
2286,Cuckfield A,Cuckfield A
225,Ditchling AC,Ditchling AC
224,Eastbourne A L.S.C.,Eastbourne A L.S.C.
1461,Falcon B,Falcon B
223,Friars Gate A,Friars Gate A
222,Greenways AC,Greenways AC
221,Hastings & St Leonards B,Hastings & St Leonards B
220,Hellingly AC,Hellingly AC
215,Holbrook A,Holbrook A
2402,Kingsbury C of A,Kingsbury C of A
1493,Meridian Archery,Meridian Archery
212,Newhaven AC,Newhaven AC
218,Plumpton B,Plumpton B
2254,Shipley B,Shipley B
2213,Crawley AC (Disabled),Crawley AC (Disabled)
1310,Six Villages AC,Six Villages AC
210,The High Weald AC,The High Weald AC
2501,Uni of Brighton AC,Uni of Brighton AC
1324,Uni of Sussex,Uni of Sussex
2472,Wasps Disabled A C,Wasps Disabled A C
214,Worthing AC,Worthing AC
2188,Austrey Archery Group,Austrey Archery Group
743,Beacon A (West Midlands),Beacon A (West Midlands)
740,Bowflights AC,Bowflights AC
737,Coventry AC,Coventry AC
736,Coventry Junior AC,Coventry Junior AC
731,Meriden AC,Meriden AC
1020,Nuneaton A,Nuneaton A
2431,Nuneaton A (Disability),Nuneaton A (Disability)
2092,Nuneaton A (Juniors),Nuneaton A (Juniors)
1590,Quantum A,Quantum A
1726,Quantum Juniors,Quantum Juniors
729,Royal Leamington Spa,Royal Leamington Spa
728,Royal Leamington Spa Juniors,Royal Leamington Spa Juniors
707,Rugby B,Rugby B
732,Solihull A,Solihull A
2000,Andalus A,Andalus A
2669,Birmingham Barbarians,Birmingham Barbarians
2454,Coventry University AC,Coventry University AC
2212,Pioneer A,Pioneer A
2636,The Shipston A,The Shipston A
725,Stratford A,Stratford A
723,Sutton Coldfield AC,Sutton Coldfield AC
739,Uni of Birmingham AC,Uni of Birmingham AC
717,Uni of Warwick,Uni of Warwick
703,V AC,V AC
721,Warwickshire A.S.,Warwickshire A.S.
699,Droitwich Archery Society Limited,Droitwich Archery Society Limited
698,Droitwich Junior Archery Society,Droitwich Junior Archery Society
697,Evesham AC,Evesham AC
696,Evesham Junior AC,Evesham Junior AC
694,Malvern A,Malvern A
693,Redditch C of A,Redditch C of A
692,Redhill A,Redhill A
691,Redhill A Juniors,Redhill A Juniors
690,Saints & Sinners B,Saints & Sinners B
689,Severn A,Severn A
687,Stourbridge C of A,Stourbridge C of A
2607,Wyre Forest C of A Disabled,Wyre Forest C of A Disabled
1570,Worcester B,Worcester B
684,Wyre Forest C of A,Wyre Forest C of A
683,Wyre Forest Juniors,Wyre Forest Juniors
2141,Aardwolf A,Aardwolf A
832,Abbeydale A,Abbeydale A
1712,Adwalton Moor A,Adwalton Moor A
814,Aire Valley A,Aire Valley A
1970,All Abilities Archery,All Abilities Archery
2329,Amethyst B,Amethyst B
830,A of Bridlington and Burton Agnes,A of Bridlington and Burton Agnes
1967,A of East Riding,A of East Riding
1219,Arrowflight,Arrowflight
831,Barnsley AC,Barnsley AC
1866,Barnsley YMCA A,Barnsley YMCA A
1913,Blue Light A,Blue Light A
844,B of Adel,B of Adel
837,B of Leeds,B of Leeds
1800,B of St Mary's,B of St Mary's
1197,Bradford University AC,Bradford University AC
829,Bronte A,Bronte A
839,Burton Constable B,Burton Constable B
1459,Castle Dene B,Castle Dene B
828,Chantry B Rotherham,Chantry B Rotherham
1072,Chantry Junior B,Chantry Junior B
1896,Cobra A,Cobra A
1321,Danum A,Danum A
2319,De Lacy AC,De Lacy AC
841,Dearne Valley AC,Dearne Valley AC
1925,East Park A,East Park A
1956,East Park Disabled A,East Park Disabled A
1955,East Park Junior A,East Park Junior A
825,Ebor A,Ebor A
1768,Green Man AC,Green Man AC
1630,Hanging Wood Senior A,Hanging Wood Senior A
823,Harvester A,Harvester A
2458,Hull AC,Hull AC
822,Hull Kingston A,Hull Kingston A
2228,Hull University AC,Hull University AC
808,Leeds University AC,Leeds University AC
1402,Marvell College A,Marvell College A
1489,Nishkam Archery,Nishkam Archery
1892,Nova B,Nova B
836,Panda B,Panda B
835,Panda Disabled AC,Panda Disabled AC
1608,Panda Junior AC,Panda Junior AC
2339,Parklands Archery Academy,Parklands Archery Academy
2315,Parklands Archery Academy Disabled Section,Parklands Archery Academy Disabled Section
845,Phoenix B,Phoenix B
2215,Queen Ethelburgas AC (School),Queen Ethelburgas AC (School)
1752,S.R.S.B. Sheffield Blind A,S.R.S.B. Sheffield Blind A
806,Savile B,Savile B
819,Scarborough A,Scarborough A
817,Selby A,Selby A
816,Sheffield University AC,Sheffield University AC
1418,South Leeds A,South Leeds A
1523,South Leeds Junior A,South Leeds Junior A
1251,Spen Valley B,Spen Valley B
1821,Spen Victoria A,Spen Victoria A
815,St Georges AC,St Georges AC
2685,Arrowhawks,Arrowhawks
2688,Bridlington Bay A,Bridlington Bay A
2676,Company of Sevenn,Company of Sevenn
827,The Company of Scorton A,The Company of Scorton A
2683,De-Notton Bowers,De-Notton Bowers
812,The Wakefield A,The Wakefield A
1141,Thirsk B,Thirsk B
2503,Harthill C of A,Harthill C of A
2657,Lonsdale A,Lonsdale A
2672,Mowbray School A,Mowbray School A
2585,Pennine A,Pennine A
2379,Saracen AC,Saracen AC
2605,Sheffield Hallam University AC,Sheffield Hallam University AC
1865,Uni of Huddersfield AC,Uni of Huddersfield AC
2504,South Leeds Disabled A,South Leeds Disabled A
1370,Uni of York AC,Uni of York AC
2682,Targeting AC,Targeting AC
813,Valley B of Huddersfield,Valley B of Huddersfield
2664,Wharfe Valley A,Wharfe Valley A
1999,Wetherby High School A,Wetherby High School A
811,Whitby C of A,Whitby C of A
810,White Rose A,White Rose A
1831,Wolds A,Wolds A
1718,Wyke A,Wyke A
809,York A Society,York A Society
1774,Coldstream District A,Coldstream District A
39,Craigavon AC,Craigavon AC
1640,Larne AC,Larne AC
1550,Penrhyn A,Penrhyn A
2225,Stranraer AC,Stranraer AC
2080,Tuba AC,Tuba AC